grna_id,protospacer,editor_system,chrom,start,end,subregion,genome_build,padj,mechanism,element_compatibility,empirical_reactivation_score,confidence_score,composite_score,uncertainty_note
PWS_G.4670,GCAGGCTGGCGCGCATGCTC,dCas9-Tet1,chr15,25200068,25200088,pws_critical,hg19,9.2e-15,demethylation,1.0,0.874,0.281,0.7823,Scores are hypothesis-generating; based on bulk RNA-seq and screen statistics
PWS_G.3482,CGTGTGGCGAGGGTACGTGG,dCas9-Tet1,chr15,25200573,25200593,pws_critical,hg19,3.51e-12,demethylation,1.0,0.874,0.229,0.7694,Scores are hypothesis-generating; based on bulk RNA-seq and screen statistics
PWS_G.3858,CTGTCGCGACACCACAGTTG,dCas9-Tet1,chr15,25200439,25200459,pws_critical,hg19,9.22e-10,demethylation,1.0,0.874,0.181,0.7573,Scores are hypothesis-generating; based on bulk RNA-seq and screen statistics
PWS_G.3437,CGGTCAGTGACGCGATGGAG,dCas9-Tet1,chr15,25200182,25200202,pws_critical,hg19,1.16e-08,demethylation,1.0,0.874,0.159,0.7518,Scores are hypothesis-generating; based on bulk RNA-seq and screen statistics
PWS_G.6064,GTGACGCAACACAGACCCCC,dCas9-Tet1,chr15,25201415,25201435,pws_critical,hg19,6.3e-08,demethylation,1.0,0.874,0.144,0.7482,Scores are hypothesis-generating; based on bulk RNA-seq and screen statistics
PWS_G.7011,TCCGTGTGGCGAGGGTACGT,dCas9-Tet1,chr15,25200571,25200591,pws_critical,hg19,6.3e-08,demethylation,1.0,0.874,0.144,0.7482,Scores are hypothesis-generating; based on bulk RNA-seq and screen statistics
PWS_G.5691,GGTCAGTGACGCGATGGAGC,dCas9-Tet1,chr15,25200183,25200203,pws_critical,hg19,6.94e-08,demethylation,1.0,0.874,0.143,0.7479,Scores are hypothesis-generating; based on bulk RNA-seq and screen statistics
PWS_G.3338,CGCGACACCACAGTTGGGGG,dCas9-Tet1,chr15,25200435,25200455,pws_critical,hg19,3.09e-07,demethylation,1.0,0.874,0.13,0.7447,Scores are hypothesis-generating; based on bulk RNA-seq and screen statistics
PWS_G.7410,TGCATAGGGATTTTAGGCGG,dCas9-Tet1,chr15,25200602,25200622,pws_critical,hg19,5.81e-07,demethylation,1.0,0.874,0.125,0.7433,Scores are hypothesis-generating; based on bulk RNA-seq and screen statistics
PWS_G.6065,GTGACGCGATGGAGCGGGCA,dCas9-Tet1,chr15,25200188,25200208,pws_critical,hg19,1.14e-06,demethylation,1.0,0.874,0.119,0.7419,Scores are hypothesis-generating; based on bulk RNA-seq and screen statistics
PWS_G.2815,CCAGGTCATTCCGGTGAGGG,dCas9-Tet1,chr15,25199993,25200013,pws_critical,hg19,2.3e-06,demethylation,1.0,0.874,0.113,0.7403,Scores are hypothesis-generating; based on bulk RNA-seq and screen statistics
PWS_G.4871,GCGCCCCAATGCGAGCGGAC,dCas9-Tet1,chr15,25200403,25200423,pws_critical,hg19,2.41e-06,demethylation,1.0,0.874,0.112,0.7402,Scores are hypothesis-generating; based on bulk RNA-seq and screen statistics
PWS_G.2746,CCACCGCAGACACCCGCAAT,dCas9-Tet1,chr15,25200464,25200484,pws_critical,hg19,2.66e-06,demethylation,1.0,0.874,0.112,0.74,Scores are hypothesis-generating; based on bulk RNA-seq and screen statistics
PWS_G.4363,GAGCGGACAGGATACCATCG,dCas9-Tet1,chr15,25200391,25200411,pws_critical,hg19,2.95e-06,demethylation,1.0,0.874,0.111,0.7398,Scores are hypothesis-generating; based on bulk RNA-seq and screen statistics
PWS_G.1288,AGGAGCGGTCAGTGACGCGA,dCas9-Tet1,chr15,25200177,25200197,pws_critical,hg19,3.13e-06,demethylation,1.0,0.874,0.11,0.7397,Scores are hypothesis-generating; based on bulk RNA-seq and screen statistics
PWS_G.7752,TGTCGCGACAGGTCCTATTG,dCas9-Tet1,chr15,25200448,25200468,pws_critical,hg19,3.6e-06,demethylation,1.0,0.874,0.109,0.7394,Scores are hypothesis-generating; based on bulk RNA-seq and screen statistics
PWS_G.5452,GGCTGGCGCGCATGCTCAGG,dCas9-Tet1,chr15,25200071,25200091,pws_critical,hg19,3.68e-06,demethylation,1.0,0.874,0.109,0.7393,Scores are hypothesis-generating; based on bulk RNA-seq and screen statistics
PWS_G.3193,CCTGTCGCGACACCACAGTT,dCas9-Tet1,chr15,25200440,25200460,pws_critical,hg19,3.77e-06,demethylation,1.0,0.874,0.108,0.7393,Scores are hypothesis-generating; based on bulk RNA-seq and screen statistics
PWS_G.7751,TGTCGCGACACCACAGTTGG,dCas9-Tet1,chr15,25200438,25200458,pws_critical,hg19,4.32e-06,demethylation,1.0,0.874,0.107,0.739,Scores are hypothesis-generating; based on bulk RNA-seq and screen statistics
PWS_G.3477,CGTGGGGGGACCAGTGCATA,dCas9-Tet1,chr15,25200588,25200608,pws_critical,hg19,7.68e-06,demethylation,1.0,0.874,0.102,0.7377,Scores are hypothesis-generating; based on bulk RNA-seq and screen statistics
PWS_G.6001,GTCGCGACAGGTCCTATTGC,dCas9-Tet1,chr15,25200449,25200469,pws_critical,hg19,1.98e-05,demethylation,1.0,0.874,0.094,0.7357,Scores are hypothesis-generating; based on bulk RNA-seq and screen statistics
PWS_G.7259,TGAAGTGATCGGTATTTAGG,dCas9-Tet1,chr15,25200663,25200683,pws_critical,hg19,2.5e-05,demethylation,1.0,0.874,0.092,0.7352,Scores are hypothesis-generating; based on bulk RNA-seq and screen statistics
PWS_G.3052,CCGGACAGCGACAGGCCCCG,dCas9-Tet1,chr15,25201020,25201040,pws_critical,hg19,6.84e-05,demethylation,1.0,0.874,0.083,0.733,Scores are hypothesis-generating; based on bulk RNA-seq and screen statistics
PWS_G.4627,GCACGCCTGCGCGGCCGCAG,dCas9-Tet1,chr15,25200046,25200066,pws_critical,hg19,8.47e-05,demethylation,1.0,0.874,0.081,0.7325,Scores are hypothesis-generating; based on bulk RNA-seq and screen statistics
PWS_G.4841,GCGAAGGTACGTGAAGTGAT,dCas9-Tet1,chr15,25200652,25200672,pws_critical,hg19,0.000126307,demethylation,1.0,0.874,0.078,0.7316,Scores are hypothesis-generating; based on bulk RNA-seq and screen statistics
PWS_G.3107,CCTATTGCGGGTGTCTGCGG,dCas9-Tet1,chr15,25200461,25200481,pws_critical,hg19,0.000135744,demethylation,1.0,0.874,0.077,0.7315,Scores are hypothesis-generating; based on bulk RNA-seq and screen statistics
PWS_G.4521,GATGCGTCAGGCATCTCCGG,dCas9-Tet1,chr15,25200151,25200171,pws_critical,hg19,0.000179854,demethylation,1.0,0.874,0.075,0.7309,Scores are hypothesis-generating; based on bulk RNA-seq and screen statistics
PWS_G.2979,CCCTCAGGTCTTCCTATGTG,dCas9-Tet1,chr15,25199775,25199795,pws_critical,hg19,0.000206627,demethylation,1.0,0.874,0.074,0.7306,Scores are hypothesis-generating; based on bulk RNA-seq and screen statistics
PWS_G.1867,ATGCCTGACGCATCTGTCTG,dCas9-Tet1,chr15,25200157,25200177,pws_critical,hg19,0.000224637,demethylation,1.0,0.874,0.073,0.7304,Scores are hypothesis-generating; based on bulk RNA-seq and screen statistics
PWS_G.3464,CGTGAAGTGATCGGTATTTA,dCas9-Tet1,chr15,25200661,25200681,pws_critical,hg19,0.000284413,demethylation,1.0,0.874,0.071,0.7299,Scores are hypothesis-generating; based on bulk RNA-seq and screen statistics
PWS_G.741,ACCGCACATAGGAAGACCTG,dCas9-Tet1,chr15,25199771,25199791,pws_critical,hg19,0.000284413,demethylation,1.0,0.874,0.071,0.7299,Scores are hypothesis-generating; based on bulk RNA-seq and screen statistics
PWS_G.5153,GGAATTCGTCGCAGTGACCG,dCas9-Tet1,chr15,25200757,25200777,pws_critical,hg19,0.000413312,demethylation,1.0,0.874,0.068,0.7291,Scores are hypothesis-generating; based on bulk RNA-seq and screen statistics
PWS_G.6298,GTTGTGCCGTTCTGCCCCGA,dCas9-Tet1,chr15,25200374,25200394,pws_critical,hg19,0.00048815,demethylation,1.0,0.874,0.066,0.7287,Scores are hypothesis-generating; based on bulk RNA-seq and screen statistics
PWS_G.7924,TTAGGCGGAGGTAGGTATAT,dCas9-Tet1,chr15,25200614,25200634,pws_critical,hg19,0.001094511,demethylation,1.0,0.874,0.059,0.727,Scores are hypothesis-generating; based on bulk RNA-seq and screen statistics
PWS_G.595,ACAGATGCGTCAGGCATCTC,dCas9-Tet1,chr15,25200154,25200174,pws_critical,hg19,0.001402496,demethylation,1.0,0.874,0.057,0.7264,Scores are hypothesis-generating; based on bulk RNA-seq and screen statistics
PWS_G.5274,GGCAAACAAGCACGCCTGCG,dCas9-Tet1,chr15,25200037,25200057,pws_critical,hg19,0.001500542,demethylation,1.0,0.874,0.056,0.7263,Scores are hypothesis-generating; based on bulk RNA-seq and screen statistics
PWS_G.4903,GCGGCGACAGTGGGTATTGG,dCas9-Tet1,chr15,25200896,25200916,pws_critical,hg19,0.001945532,demethylation,1.0,0.874,0.054,0.7257,Scores are hypothesis-generating; based on bulk RNA-seq and screen statistics
PWS_G.5478,GGGACGCGCCCCAATGCGAG,dCas9-Tet1,chr15,25200408,25200428,pws_critical,hg19,0.00319553,demethylation,1.0,0.874,0.05,0.7246,Scores are hypothesis-generating; based on bulk RNA-seq and screen statistics
PWS_G.3501,CTAAAGCGAGGGTTCCTAAA,dCas9-Tet1,chr15,25201244,25201264,pws_critical,hg19,0.003510491,demethylation,1.0,0.874,0.049,0.7244,Scores are hypothesis-generating; based on bulk RNA-seq and screen statistics
PWS_G.7440,TGCCGCTGCTGCAGCGAGTC,dCas9-Tet1,chr15,25200110,25200130,pws_critical,hg19,0.003736503,demethylation,1.0,0.874,0.049,0.7243,Scores are hypothesis-generating; based on bulk RNA-seq and screen statistics
PWS_G.4676,GCAGGGTACGTGGGGCGACT,dCas9-Tet1,chr15,25200731,25200751,pws_critical,hg19,0.003736503,demethylation,1.0,0.874,0.049,0.7243,Scores are hypothesis-generating; based on bulk RNA-seq and screen statistics
PWS_G.5679,GGTATCCTGTCCGCTCGCAT,dCas9-Tet1,chr15,25200395,25200415,pws_critical,hg19,0.005308659,demethylation,1.0,0.874,0.046,0.7235,Scores are hypothesis-generating; based on bulk RNA-seq and screen statistics
PWS_G.3268,CGAGCGGACAGGATACCATC,dCas9-Tet1,chr15,25200392,25200412,pws_critical,hg19,0.006324892,demethylation,1.0,0.874,0.044,0.7231,Scores are hypothesis-generating; based on bulk RNA-seq and screen statistics
PWS_G.1173,AGCATGCGGGGTAACCGCAG,dCas9-Tet1,chr15,25200504,25200524,pws_critical,hg19,0.006387033,demethylation,1.0,0.874,0.044,0.7231,Scores are hypothesis-generating; based on bulk RNA-seq and screen statistics
PWS_G.853,ACGTGGGGGGACCAGTGCAT,dCas9-Tet1,chr15,25200587,25200607,pws_critical,hg19,0.008273386,demethylation,1.0,0.874,0.042,0.7226,Scores are hypothesis-generating; based on bulk RNA-seq and screen statistics
PWS_G.7302,TGACGCATCTGTCTGAGGAG,dCas9-Tet1,chr15,25200162,25200182,pws_critical,hg19,0.008273386,demethylation,1.0,0.874,0.042,0.7226,Scores are hypothesis-generating; based on bulk RNA-seq and screen statistics
PWS_G.2288,CACCGGAATGACCTGGGGGG,dCas9-Tet1,chr15,25199989,25200009,pws_critical,hg19,0.008273386,demethylation,1.0,0.874,0.042,0.7226,Scores are hypothesis-generating; based on bulk RNA-seq and screen statistics
PWS_G.5029,GCTGGCGCGCATGCTCAGGC,dCas9-Tet1,chr15,25200072,25200092,pws_critical,hg19,0.011260228,demethylation,1.0,0.874,0.039,0.7219,Scores are hypothesis-generating; based on bulk RNA-seq and screen statistics
PWS_G.3130,CCTCCCTCACCGGAATGACC,dCas9-Tet1,chr15,25199996,25200016,pws_critical,hg19,0.011791188,demethylation,1.0,0.874,0.039,0.7218,Scores are hypothesis-generating; based on bulk RNA-seq and screen statistics
PWS_G.5890,GTATAATAGTGACCACTGCG,dCas9-Tet1,chr15,25200704,25200724,pws_critical,hg19,0.019184939,demethylation,1.0,0.874,0.034,0.7207,Scores are hypothesis-generating; based on bulk RNA-seq and screen statistics
PWS_G.4658,GCAGCGAGTCTGGCGCAGAG,dCas9-Tet1,chr15,25200120,25200140,pws_critical,hg19,0.021092261,demethylation,1.0,0.874,0.034,0.7205,Scores are hypothesis-generating; based on bulk RNA-seq and screen statistics
PWS_G.8032,TTCCGTGTGGCGAGGGTACG,dCas9-Tet1,chr15,25200570,25200590,pws_critical,hg19,0.027929485,demethylation,1.0,0.874,0.031,0.7199,Scores are hypothesis-generating; based on bulk RNA-seq and screen statistics
PWS_G.3094,CCTACTTAGATCTTAGGTGG,dCas9-Tet1,chr15,25199451,25199471,pws_critical,hg19,0.030775446,demethylation,1.0,0.874,0.03,0.7197,Scores are hypothesis-generating; based on bulk RNA-seq and screen statistics
PWS_G.2962,CCCGGAGGCGGCATGCCTAT,dCas9-Tet1,chr15,25223417,25223437,pws_critical,hg19,0.038849654,demethylation,0.993,0.874,0.028,0.7175,Scores are hypothesis-generating; based on bulk RNA-seq and screen statistics
PWS_G.8738,ACAGTTCAGGGCATGAGATA,dCas9-VP64,chr15,25108001,25108021,pws_critical,hg19,7.77e-93,transcriptional_activation,1.0,0.053,1.0,0.7158,Scores are hypothesis-generating; based on bulk RNA-seq and screen statistics
PWS_G.5117,GGAACCAGTCAGAACAGGTG,dCas9-VP64,chr15,25074809,25074829,pws_critical,hg19,1.7899999999999998e-55,transcriptional_activation,1.0,0.053,1.0,0.7158,Scores are hypothesis-generating; based on bulk RNA-seq and screen statistics
PWS_G.9414,CAGTTCAGGGCATGAGATAA,dCas9-VP64,chr15,25108002,25108022,pws_critical,hg19,7.5e-133,transcriptional_activation,1.0,0.053,1.0,0.7158,Scores are hypothesis-generating; based on bulk RNA-seq and screen statistics
PWS_G.4662,GCAGCTCAGAAAGTGATGCA,dCas9-VP64,chr15,25074691,25074711,pws_critical,hg19,1.79e-69,transcriptional_activation,1.0,0.053,1.0,0.7158,Scores are hypothesis-generating; based on bulk RNA-seq and screen statistics
PWS_G.3535,CTACCTCAGAGGAGTGTCAA,dCas9-Tet1,chr15,25102813,25102833,pws_critical,hg19,2.05e-06,demethylation,0.826,0.874,0.114,0.697,Scores are hypothesis-generating; based on bulk RNA-seq and screen statistics
PWS_G.7574,TGGCCAGAATGTCCACCGTG,dCas9-Tet1,chr15,25278719,25278739,pws_critical,hg19,0.046799248,demethylation,0.883,0.874,0.027,0.6894,Scores are hypothesis-generating; based on bulk RNA-seq and screen statistics
PWS_G.306,AAGCAATATGAAATGTTACC,dCas9-Tet1,chr15,25068970,25068990,pws_critical,hg19,0.048168403,demethylation,0.758,0.874,0.026,0.6582,Scores are hypothesis-generating; based on bulk RNA-seq and screen statistics
PWS_G.4862,GCGCACTGCAGCGCAGACCA,dCas9-VP64,chr15,25162806,25162826,pws_critical,hg19,2.8000000000000003e-23,transcriptional_activation,0.904,0.053,0.451,0.5547,Scores are hypothesis-generating; based on bulk RNA-seq and screen statistics
PWS_G.6318,GTTTCAGGCCTGGACTGGGT,dCas9-VP64,chr15,25074435,25074455,pws_critical,hg19,5.55e-15,transcriptional_activation,1.0,0.053,0.285,0.5371,Scores are hypothesis-generating; based on bulk RNA-seq and screen statistics
PWS_G.10218,GGGCATGAGATAAGGGCAGT,dCas9-VP64,chr15,25108009,25108029,pws_critical,hg19,1.45e-12,transcriptional_activation,1.0,0.053,0.237,0.525,Scores are hypothesis-generating; based on bulk RNA-seq and screen statistics
PWS_G.4695,GCATCACTTTCTGAGCTGCC,dCas9-VP64,chr15,25074690,25074710,pws_critical,hg19,6.35e-05,transcriptional_activation,1.0,0.053,0.084,0.4868,Scores are hypothesis-generating; based on bulk RNA-seq and screen statistics
PWS_G.1569,AGTTTCAGGCCTGGACTGGG,dCas9-VP64,chr15,25074434,25074454,pws_critical,hg19,0.00039211,transcriptional_activation,1.0,0.053,0.068,0.4828,Scores are hypothesis-generating; based on bulk RNA-seq and screen statistics
PWS_G.4513,GATGCAGGGGCCGCTCTCTG,dCas9-VP64,chr15,25074705,25074725,pws_critical,hg19,0.007656568,transcriptional_activation,1.0,0.053,0.042,0.4764,Scores are hypothesis-generating; based on bulk RNA-seq and screen statistics
PWS_G.725,ACCCCTATGAATCAGTAACC,dCas9-VP64,chr15,25212057,25212077,pws_critical,hg19,1.56e-08,transcriptional_activation,0.806,0.053,0.156,0.4563,Scores are hypothesis-generating; based on bulk RNA-seq and screen statistics
PWS_G.3437,CGGTCAGTGACGCGATGGAG,dCas9-VP64,chr15,25200182,25200202,pws_critical,hg19,0.034991881,transcriptional_activation,0.83,0.053,0.029,0.4305,Scores are hypothesis-generating; based on bulk RNA-seq and screen statistics
PWS_G.4738,GCCAGGTTACTGATTCATAG,dCas9-VP64,chr15,25212053,25212073,pws_critical,hg19,0.004324732,transcriptional_activation,0.806,0.053,0.047,0.4291,Scores are hypothesis-generating; based on bulk RNA-seq and screen statistics
PWS_G.6855,TCATACTAGCTTCCTCACCA,dCas9-VP64,chr15,25219327,25219347,pws_critical,hg19,0.001557236,transcriptional_activation,0.791,0.053,0.056,0.4277,Scores are hypothesis-generating; based on bulk RNA-seq and screen statistics
PWS_G.7831,TGTTGGGGCTCCAGCAATAC,dCas9-VP64,chr15,25222983,25223003,pws_critical,hg19,0.013485052,transcriptional_activation,0.784,0.053,0.037,0.4212,Scores are hypothesis-generating; based on bulk RNA-seq and screen statistics
PWS_G.6655,TATAGAAGCTAACATGGGAA,dCas9-VP64,chr15,25232461,25232481,pws_critical,hg19,0.030945009,transcriptional_activation,0.765,0.053,0.03,0.4146,Scores are hypothesis-generating; based on bulk RNA-seq and screen statistics
PWS_G.5706,GGTCGGCTTCAGGAGGGAAG,dCas9-VP64,chr15,24105637,24105657,outside_pws_critical,hg19,2.04e-64,transcriptional_activation,0.0,0.053,1.0,0.3658,Scores are hypothesis-generating; based on bulk RNA-seq and screen statistics
