grna_id,protospacer,editor_system,screen_type,study,genome_build,chrom,start,end,strand,log2fc,padj,neg_log10_padj,mean_low_bin_counts,mean_high_bin_counts,screen_score,source_file,subregion,significant,base_mean
PWS_G.9414,CAGTTCAGGGCATGAGATAA,dCas9-VP64,sublib_tiling,Rohm2025,hg19,chr15,25108002,25108022,.,,7.5e-133,132.1249387366083,331.6666666666667,6320.333333333333,5988.666666666666,GSE285295_VP64_sublib_results.csv.gz,pws_critical,True,
PWS_G.8738,ACAGTTCAGGGCATGAGATA,dCas9-VP64,sublib_tiling,Rohm2025,hg19,chr15,25108001,25108021,.,,7.77e-93,92.10957898119909,354.0,5605.0,5251.0,GSE285295_VP64_sublib_results.csv.gz,pws_critical,True,
PWS_G.4662,GCAGCTCAGAAAGTGATGCA,dCas9-VP64,sublib_tiling,Rohm2025,hg19,chr15,25074691,25074711,.,,1.79e-69,68.74714696902011,82.33333333333333,1634.0,1551.6666666666667,GSE285295_VP64_sublib_results.csv.gz,pws_critical,True,
PWS_G.5706,GGTCGGCTTCAGGAGGGAAG,dCas9-VP64,sublib_tiling,Rohm2025,hg19,chr15,24105637,24105657,.,,2.04e-64,63.6903698325741,188.66666666666666,2794.6666666666665,2606.0,GSE285295_VP64_sublib_results.csv.gz,outside_pws_critical,True,
PWS_G.5117,GGAACCAGTCAGAACAGGTG,dCas9-VP64,sublib_tiling,Rohm2025,hg19,chr15,25074809,25074829,.,,1.7899999999999998e-55,54.74714696902011,193.33333333333334,2508.3333333333335,2315.0,GSE285295_VP64_sublib_results.csv.gz,pws_critical,True,
PWS_G.4521,GATGCGTCAGGCATCTCCGG,dCas9-KRAB,full_locus,Rohm2025,hg19,chr15,25200151,25200171,-,-3.993693205,4.2099999999999995e-52,51.37571790416433,,,-3.993693205,GSE285285_KRAB_full_results_with_counts.csv.gz,pws_critical,True,427.729513
PWS_G.1867,ATGCCTGACGCATCTGTCTG,dCas9-KRAB,full_locus,Rohm2025,hg19,chr15,25200157,25200177,+,-3.673459508,5.51e-52,51.258848401148214,,,-3.673459508,GSE285285_KRAB_full_results_with_counts.csv.gz,pws_critical,True,519.6684702
PWS_G.3888,CTTACCACTGCACCCTAAAG,dCas9-KRAB,full_locus,Rohm2025,hg19,chr15,25201599,25201619,-,-2.774784702,5.39e-51,50.268411234813264,,,-2.774784702,GSE285285_KRAB_full_results_with_counts.csv.gz,pws_critical,True,678.8269091
PWS_G.4627,GCACGCCTGCGCGGCCGCAG,dCas9-KRAB,full_locus,Rohm2025,hg19,chr15,25200046,25200066,+,-3.476972051,7.34e-51,50.13430394008393,,,-3.476972051,GSE285285_KRAB_full_results_with_counts.csv.gz,pws_critical,True,543.9119144
PWS_G.684,ACCAACTCCTACCCTTACCT,dCas9-KRAB,full_locus,Rohm2025,hg19,chr15,25221769,25221789,-,-2.563521175,2.81e-50,49.55129368009492,,,-2.563521175,GSE285285_KRAB_full_results_with_counts.csv.gz,pws_critical,True,865.55391
PWS_G.595,ACAGATGCGTCAGGCATCTC,dCas9-KRAB,full_locus,Rohm2025,hg19,chr15,25200154,25200174,-,-3.127485086,6.09e-49,48.21538270736713,,,-3.127485086,GSE285285_KRAB_full_results_with_counts.csv.gz,pws_critical,True,598.5184863
PWS_G.5274,GGCAAACAAGCACGCCTGCG,dCas9-KRAB,full_locus,Rohm2025,hg19,chr15,25200037,25200057,+,-3.500543217,3.47e-48,47.45967052520913,,,-3.500543217,GSE285285_KRAB_full_results_with_counts.csv.gz,pws_critical,True,480.6833886
PWS_G.5478,GGGACGCGCCCCAATGCGAG,dCas9-KRAB,full_locus,Rohm2025,hg19,chr15,25200408,25200428,-,-3.205264583,2.89e-46,45.539102157243455,,,-3.205264583,GSE285285_KRAB_full_results_with_counts.csv.gz,pws_critical,True,664.6022393
PWS_G.7924,TTAGGCGGAGGTAGGTATAT,dCas9-KRAB,full_locus,Rohm2025,hg19,chr15,25200614,25200634,+,-3.314894186,4.22e-46,45.37468754903833,,,-3.314894186,GSE285285_KRAB_full_results_with_counts.csv.gz,pws_critical,True,430.3226405
PWS_G.3026,CCGCACATAGGAAGACCTGA,dCas9-KRAB,full_locus,Rohm2025,hg19,chr15,25199772,25199792,+,-3.500122132,4e-43,42.39794000867204,,,-3.500122132,GSE285285_KRAB_full_results_with_counts.csv.gz,pws_critical,True,431.5350328
PWS_G.3268,CGAGCGGACAGGATACCATC,dCas9-KRAB,full_locus,Rohm2025,hg19,chr15,25200392,25200412,-,-3.971764018,4.08e-42,41.38933983691012,,,-3.971764018,GSE285285_KRAB_full_results_with_counts.csv.gz,pws_critical,True,397.0112879
PWS_G.9876,GACAATGACAAGGGTTGTGG,dCas9-KRAB,full_locus,Rohm2025,hg19,chr15,25196467,25196487,-,-3.302412208,1.63e-40,39.78781239559604,,,-3.302412208,GSE285285_KRAB_full_results_with_counts.csv.gz,pws_critical,True,516.3630442
PWS_G.2979,CCCTCAGGTCTTCCTATGTG,dCas9-KRAB,full_locus,Rohm2025,hg19,chr15,25199775,25199795,-,-2.87336726,2.41e-39,38.617982957425134,,,-2.87336726,GSE285285_KRAB_full_results_with_counts.csv.gz,pws_critical,True,530.9580374
PWS_G.5452,GGCTGGCGCGCATGCTCAGG,dCas9-KRAB,full_locus,Rohm2025,hg19,chr15,25200071,25200091,+,-3.487562525,2.4200000000000003e-37,36.61618463401957,,,-3.487562525,GSE285285_KRAB_full_results_with_counts.csv.gz,pws_critical,True,346.8472862
PWS_G.741,ACCGCACATAGGAAGACCTG,dCas9-KRAB,full_locus,Rohm2025,hg19,chr15,25199771,25199791,+,-3.417328812,8.05e-37,36.09420411963213,,,-3.417328812,GSE285285_KRAB_full_results_with_counts.csv.gz,pws_critical,True,438.0814286
PWS_G.9967,GAGTTGGTGTCTGCATTGAG,dCas9-KRAB,full_locus,Rohm2025,hg19,chr15,25211271,25211291,-,-3.455738513,1.28e-36,35.89279003035213,,,-3.455738513,GSE285285_KRAB_full_results_with_counts.csv.gz,pws_critical,True,408.5159427
PWS_G.3858,CTGTCGCGACACCACAGTTG,dCas9-KRAB,full_locus,Rohm2025,hg19,chr15,25200439,25200459,-,-3.290308924,2.69e-36,35.57024771999759,,,-3.290308924,GSE285285_KRAB_full_results_with_counts.csv.gz,pws_critical,True,344.0644578
PWS_G.2746,CCACCGCAGACACCCGCAAT,dCas9-KRAB,full_locus,Rohm2025,hg19,chr15,25200464,25200484,-,-2.724967397,3.9900000000000003e-35,34.399027104313255,,,-2.724967397,GSE285285_KRAB_full_results_with_counts.csv.gz,pws_critical,True,605.84683
PWS_G.3826,CTGGCGCGCATGCTCAGGCG,dCas9-KRAB,full_locus,Rohm2025,hg19,chr15,25200073,25200093,+,-4.067197614,5.76e-35,34.23957751657679,,,-4.067197614,GSE285285_KRAB_full_results_with_counts.csv.gz,pws_critical,True,288.8398568
PWS_G.2922,CCCCCCAGGTCATTCCGGTG,dCas9-KRAB,full_locus,Rohm2025,hg19,chr15,25199989,25200009,+,-3.165330368,1.02e-34,33.99139982823808,,,-3.165330368,GSE285285_KRAB_full_results_with_counts.csv.gz,pws_critical,True,467.3809563
PWS_G.9414,CAGTTCAGGGCATGAGATAA,dCas9-VP64,full_locus,Rohm2025,hg19,chr15,25108002,25108022,+,2.558974375,1.82e-24,23.739928612014925,,,2.558974375,GSE285293_VP64_full_results_with_coords.csv.gz,pws_critical,True,323.9128441
PWS_G.4862,GCGCACTGCAGCGCAGACCA,dCas9-VP64,sublib_tiling,Rohm2025,hg19,chr15,25162806,25162826,.,,2.8000000000000003e-23,22.55284196865778,522.0,2442.0,1920.0,GSE285295_VP64_sublib_results.csv.gz,pws_critical,True,
PWS_G.8738,ACAGTTCAGGGCATGAGATA,dCas9-VP64,full_locus,Rohm2025,hg19,chr15,25108001,25108021,+,2.496665933,1.26e-22,21.899629454882437,,,2.496665933,GSE285293_VP64_full_results_with_coords.csv.gz,pws_critical,True,247.1802235
PWS_G.6318,GTTTCAGGCCTGGACTGGGT,dCas9-VP64,sublib_tiling,Rohm2025,hg19,chr15,25074435,25074455,.,,5.55e-15,14.255707016877324,331.0,1863.3333333333333,1532.3333333333333,GSE285295_VP64_sublib_results.csv.gz,pws_critical,True,
PWS_G.4670,GCAGGCTGGCGCGCATGCTC,dCas9-Tet1,sublib_tiling,Rohm2025,hg19,chr15,25200068,25200088,.,,9.2e-15,14.036212172654444,1368.3333333333333,2404.0,1035.6666666666667,GSE285289_Tet1_sublib_results.csv.gz,pws_critical,True,
PWS_G.10218,GGGCATGAGATAAGGGCAGT,dCas9-VP64,sublib_tiling,Rohm2025,hg19,chr15,25108009,25108029,.,,1.45e-12,11.838631997765026,462.0,2272.6666666666665,1810.6666666666665,GSE285295_VP64_sublib_results.csv.gz,pws_critical,True,
PWS_G.3482,CGTGTGGCGAGGGTACGTGG,dCas9-Tet1,sublib_tiling,Rohm2025,hg19,chr15,25200573,25200593,.,,3.51e-12,11.454692883534175,1488.3333333333333,2754.6666666666665,1266.3333333333333,GSE285289_Tet1_sublib_results.csv.gz,pws_critical,True,
PWS_G.3858,CTGTCGCGACACCACAGTTG,dCas9-Tet1,sublib_tiling,Rohm2025,hg19,chr15,25200439,25200459,.,,9.22e-10,9.03526907894637,999.6666666666666,1710.6666666666667,711.0000000000001,GSE285289_Tet1_sublib_results.csv.gz,pws_critical,True,
PWS_G.5706,GGTCGGCTTCAGGAGGGAAG,dCas9-VP64,full_locus,Rohm2025,hg19,chr15,24105637,24105657,+,2.585937326,5.21e-09,8.283162276700475,,,2.585937326,GSE285293_VP64_full_results_with_coords.csv.gz,outside_pws_critical,True,109.3089962
PWS_G.3437,CGGTCAGTGACGCGATGGAG,dCas9-Tet1,sublib_tiling,Rohm2025,hg19,chr15,25200182,25200202,.,,1.16e-08,7.935542010773082,1912.6666666666667,2725.6666666666665,812.9999999999998,GSE285289_Tet1_sublib_results.csv.gz,pws_critical,True,
PWS_G.725,ACCCCTATGAATCAGTAACC,dCas9-VP64,sublib_tiling,Rohm2025,hg19,chr15,25212057,25212077,.,,1.56e-08,7.806875401645538,352.6666666666667,1327.6666666666667,975.0,GSE285295_VP64_sublib_results.csv.gz,pws_critical,True,
PWS_G.7011,TCCGTGTGGCGAGGGTACGT,dCas9-Tet1,sublib_tiling,Rohm2025,hg19,chr15,25200571,25200591,.,,6.3e-08,7.200659450546419,2021.0,2569.3333333333335,548.3333333333335,GSE285289_Tet1_sublib_results.csv.gz,pws_critical,True,
PWS_G.6064,GTGACGCAACACAGACCCCC,dCas9-Tet1,sublib_tiling,Rohm2025,hg19,chr15,25201415,25201435,.,,6.3e-08,7.200659450546419,880.6666666666666,1318.0,437.33333333333337,GSE285289_Tet1_sublib_results.csv.gz,pws_critical,True,
PWS_G.5691,GGTCAGTGACGCGATGGAGC,dCas9-Tet1,sublib_tiling,Rohm2025,hg19,chr15,25200183,25200203,.,,6.94e-08,7.158640529545145,1228.0,1675.0,447.0,GSE285289_Tet1_sublib_results.csv.gz,pws_critical,True,
PWS_G.3338,CGCGACACCACAGTTGGGGG,dCas9-Tet1,sublib_tiling,Rohm2025,hg19,chr15,25200435,25200455,.,,3.09e-07,6.510041520575165,1167.3333333333333,1560.6666666666667,393.3333333333335,GSE285289_Tet1_sublib_results.csv.gz,pws_critical,True,
PWS_G.7410,TGCATAGGGATTTTAGGCGG,dCas9-Tet1,sublib_tiling,Rohm2025,hg19,chr15,25200602,25200622,.,,5.81e-07,6.235823867609669,352.0,742.3333333333334,390.33333333333337,GSE285289_Tet1_sublib_results.csv.gz,pws_critical,True,
PWS_G.6065,GTGACGCGATGGAGCGGGCA,dCas9-Tet1,sublib_tiling,Rohm2025,hg19,chr15,25200188,25200208,.,,1.14e-06,5.943095148663527,856.0,1253.0,397.0,GSE285289_Tet1_sublib_results.csv.gz,pws_critical,True,
PWS_G.3535,CTACCTCAGAGGAGTGTCAA,dCas9-Tet1,sublib_tiling,Rohm2025,hg19,chr15,25102813,25102833,.,,2.05e-06,5.688246138944246,1566.6666666666667,341.6666666666667,-1225.0,GSE285289_Tet1_sublib_results.csv.gz,pws_critical,True,
PWS_G.2815,CCAGGTCATTCCGGTGAGGG,dCas9-Tet1,sublib_tiling,Rohm2025,hg19,chr15,25199993,25200013,.,,2.3e-06,5.638272163982407,703.3333333333334,1038.6666666666667,335.33333333333337,GSE285289_Tet1_sublib_results.csv.gz,pws_critical,True,
PWS_G.4871,GCGCCCCAATGCGAGCGGAC,dCas9-Tet1,sublib_tiling,Rohm2025,hg19,chr15,25200403,25200423,.,,2.41e-06,5.617982957425132,1154.3333333333333,1516.3333333333333,362.0,GSE285289_Tet1_sublib_results.csv.gz,pws_critical,True,
PWS_G.2746,CCACCGCAGACACCCGCAAT,dCas9-Tet1,sublib_tiling,Rohm2025,hg19,chr15,25200464,25200484,.,,2.66e-06,5.575118363368933,956.0,1306.3333333333333,350.33333333333326,GSE285289_Tet1_sublib_results.csv.gz,pws_critical,True,
PWS_G.4363,GAGCGGACAGGATACCATCG,dCas9-Tet1,sublib_tiling,Rohm2025,hg19,chr15,25200391,25200411,.,,2.95e-06,5.530177984021837,404.3333333333333,740.3333333333334,336.00000000000006,GSE285289_Tet1_sublib_results.csv.gz,pws_critical,True,
PWS_G.1288,AGGAGCGGTCAGTGACGCGA,dCas9-Tet1,sublib_tiling,Rohm2025,hg19,chr15,25200177,25200197,.,,3.13e-06,5.504455662453552,812.6666666666666,1381.3333333333333,568.6666666666666,GSE285289_Tet1_sublib_results.csv.gz,pws_critical,True,
PWS_G.7752,TGTCGCGACAGGTCCTATTG,dCas9-Tet1,sublib_tiling,Rohm2025,hg19,chr15,25200448,25200468,.,,3.6e-06,5.443697499232713,662.0,1004.6666666666666,342.66666666666663,GSE285289_Tet1_sublib_results.csv.gz,pws_critical,True,
PWS_G.5452,GGCTGGCGCGCATGCTCAGG,dCas9-Tet1,sublib_tiling,Rohm2025,hg19,chr15,25200071,25200091,.,,3.68e-06,5.434152181326482,729.6666666666666,1221.6666666666667,492.0000000000001,GSE285289_Tet1_sublib_results.csv.gz,pws_critical,True,
PWS_G.3193,CCTGTCGCGACACCACAGTT,dCas9-Tet1,sublib_tiling,Rohm2025,hg19,chr15,25200440,25200460,.,,3.77e-06,5.423658649794207,1062.0,1461.0,399.0,GSE285289_Tet1_sublib_results.csv.gz,pws_critical,True,
PWS_G.7751,TGTCGCGACACCACAGTTGG,dCas9-Tet1,sublib_tiling,Rohm2025,hg19,chr15,25200438,25200458,.,,4.32e-06,5.364516253185088,1020.6666666666666,1392.0,371.33333333333337,GSE285289_Tet1_sublib_results.csv.gz,pws_critical,True,
PWS_G.4695,GCATCACTTTCTGAGCTGCC,dCas9-VP64,sublib_tiling,Rohm2025,hg19,chr15,25074690,25074710,.,,6.35e-05,4.197226274708024,257.6666666666667,914.3333333333334,656.6666666666667,GSE285295_VP64_sublib_results.csv.gz,pws_critical,True,
PWS_G.5117,GGAACCAGTCAGAACAGGTG,dCas9-VP64,full_locus,Rohm2025,hg19,chr15,25074809,25074829,+,1.876595059,0.000124318,3.905465985318825,,,1.876595059,GSE285293_VP64_full_results_with_coords.csv.gz,pws_critical,True,133.6684139
PWS_G.1569,AGTTTCAGGCCTGGACTGGG,dCas9-VP64,sublib_tiling,Rohm2025,hg19,chr15,25074434,25074454,.,,0.00039211,3.4065920817257065,402.3333333333333,1265.3333333333333,863.0,GSE285295_VP64_sublib_results.csv.gz,pws_critical,True,
PWS_G.5307,GGCAGCTCAGAAAGTGATGC,dCas9-VP64,sublib_tiling,Rohm2025,hg19,chr15,25074690,25074710,.,,0.000907739,3.0420390051727084,269.0,888.6666666666666,619.6666666666666,GSE285295_VP64_sublib_results.csv.gz,pws_critical,True,
PWS_G.6855,TCATACTAGCTTCCTCACCA,dCas9-VP64,sublib_tiling,Rohm2025,hg19,chr15,25219327,25219347,.,,0.001557236,2.807645564868705,547.6666666666666,1570.6666666666667,1023.0000000000001,GSE285295_VP64_sublib_results.csv.gz,pws_critical,True,
PWS_G.4738,GCCAGGTTACTGATTCATAG,dCas9-VP64,sublib_tiling,Rohm2025,hg19,chr15,25212053,25212073,.,,0.004324732,2.3640408002286235,232.33333333333334,794.6666666666666,562.3333333333333,GSE285295_VP64_sublib_results.csv.gz,pws_critical,True,
PWS_G.4513,GATGCAGGGGCCGCTCTCTG,dCas9-VP64,sublib_tiling,Rohm2025,hg19,chr15,25074705,25074725,.,,0.007656568,2.115965856041612,249.66666666666666,881.0,631.3333333333334,GSE285295_VP64_sublib_results.csv.gz,pws_critical,True,
PWS_G.7831,TGTTGGGGCTCCAGCAATAC,dCas9-VP64,sublib_tiling,Rohm2025,hg19,chr15,25222983,25223003,.,,0.013485052,1.8701473745155381,512.6666666666666,1367.6666666666667,855.0000000000001,GSE285295_VP64_sublib_results.csv.gz,pws_critical,True,
